ts,pts_J1,pts_J2,pts_J3,pts_J4,pts_J5,pts_J6,vel_J1,vel_J2,vel_J3,vel_J4,vel_J5,vel_J6,acc_J1,acc_J2,acc_J3,acc_J4,acc_J5,acc_J6,jerk_J1,jerk_J2,jerk_J3,jerk_J4,jerk_J5,jerk_J6,do_port,do_state
0.0,8.73e-05,0.00020944,-0.350217768,-0.001047198,0.348018653,0.0,0.0,0.0,0.0,0.0,0.0,0.0,2.843203747,3.305122443,-0.822163233,12.12931686,-17.22206528,-16.64150606,0.0,0.0,0.0,0.0,0.0,0.0,-1,0
0.100002632,0.013127801,0.015528693,-0.354007461,0.055038304,0.268549163,-0.076864126,0.249041802,0.294305048,-0.072578561,1.076038938,-1.522896016,-1.473765875,2.137501191,2.580823596,-0.629369782,9.390895445,-13.23505334,-12.8330356,-7.057025559,-7.24298847,1.927934515,-27.3842142,39.87011938,38.08470461,-1,0
0.200005264,0.047544472,0.056657542,-0.364091183,0.205037703,0.056722172,-0.282065364,0.427511491,0.516178306,-0.12587727,1.878228527,-2.647080343,-2.566674678,1.431798635,1.856524748,-0.43657633,6.652474025,-9.248041403,-9.024565138,-7.057025559,-7.24298847,1.927934515,-27.3842142,39.87011938,38.08470461,-1,0
0.300007897,0.096279884,0.116352615,-0.378540899,0.421565345,-0.247590102,-0.577517004,0.535409067,0.665619772,-0.159896125,2.406568765,-3.372552982,-3.278726411,0.726096079,1.132225901,-0.243782879,3.914052605,-5.261029464,-5.216094677,-7.057025559,-7.24298847,1.927934515,-27.3842142,39.87011938,38.08470461,-1,0
0.400010529,0.152276639,0.187370544,-0.395428572,0.677235573,-0.604515439,-0.925132337,0.572734529,0.742629446,-0.174635129,2.661059653,-3.699313932,-3.609921073,0.020393523,0.407927054,-0.050989427,1.175631185,-1.274017526,-1.407624216,-7.057025559,-7.24298847,1.927934515,-27.3842142,39.87011938,38.08470461,-1,0
0.500013161,0.208477339,0.262467958,-0.412826165,0.944662732,-0.974181623,-1.286824653,0.539487879,0.74720733,-0.170094279,2.641701191,-3.627363194,-3.560258665,-0.685309032,-0.316371793,0.141804024,-1.562790235,2.712994412,2.400846246,-7.057025559,-7.24298847,1.927934515,-27.3842142,39.87011938,38.08470461,-1,0
0.600015793,0.257693401,0.334297162,-0.428818204,1.196293013,-1.316339232,-1.624246719,0.428721914,0.673828782,-0.146938673,2.33958867,-3.136725615,-3.115942897,-1.636275809,-1.235712711,0.311116903,-4.615583755,7.40520977,6.696381316,-11.38654746,-10.68596484,1.513444156,-32.93366158,52.31870906,46.68260315,-1,0
0.700018425,0.290487053,0.393721837,-0.441704537,1.401689673,-1.584271808,-1.894584698,0.20815579,0.496823028,-0.108258744,1.713345503,-2.134584715,-2.212867979,-2.774930555,-2.304309195,0.462461318,-7.908949913,12.63708068,11.36464163,-11.38654746,-10.68596484,1.513444156,-32.93366158,52.31870906,46.68260315,-1,0
0.800021058,0.295779927,0.43012337,-0.450016601,1.528352133,-1.726594812,-2.05190657,-0.107447453,0.214548957,-0.05825463,0.784835074,-0.667086991,-0.890885886,-2.967889759,-3.292849028,0.422437696,-9.842479372,14.96407007,13.6258381,12.36011582,-8.675721314,-3.291857521,1.21219486,-20.62362814,-13.75940186,-1,0
0.90002369,0.272257214,0.433670697,-0.454279392,1.557836088,-1.721934151,-2.075173507,-0.341410924,-0.156841267,-0.03281148,-0.188546541,0.719533173,0.396354896,-1.438668396,-3.795556449,-0.004003421,-8.347475039,10.99494601,10.37876823,54.05022084,43.20265754,-17.12013552,196.5441323,-291.7369466,-279.8064374,-1,0
1.000026322,0.239930347,0.406208198,-0.46043415,1.530000445,-1.643626699,-2.030277262,-0.215023333,-0.320387929,-0.118814764,-0.040569489,0.360333586,0.035190026,3.966353688,0.524709306,-1.716016973,11.30693819,-18.17874865,-17.60187551,54.05022084,43.20265754,-17.12013552,196.5441323,-291.7369466,-279.8064374,-1,0
1.100028954,0.236358656,0.376074719,-0.478811099,1.568870274,-1.681020832,-2.095455342,0.074329412,-0.325907642,-0.205116041,0.468291866,-0.629107429,-0.841814099,0.661378088,-1.476378556,0.514764004,-6.056503366,5.412703308,7.069446049,-46.42097358,-29.71515153,28.36062004,-230.46265,316.917326,327.5422708,-1,0
1.200031587,0.241631021,0.334402339,-0.493642453,1.563502079,-1.685069536,-2.111921704,0.003544465,-0.485632041,-0.079787586,-0.597736309,0.615003598,0.570706649,-1.319085216,-0.631121716,1.450615422,-9.753360696,12.44721645,13.75729194,-9.20727335,23.64913745,1.792780259,40.07155648,-27.82817801,-36.90546175,-1,0
1.300034219,0.234184142,0.286149209,-0.494229641,1.461555331,-1.56640405,-1.992542443,-0.154231223,-0.459593434,0.064402786,-1.377708022,1.693787009,1.741601228,-1.415283195,0.544591119,1.227757344,-5.949458243,8.567971699,9.235481825,7.642890989,-0.653491211,-6.425313374,35.91785387,-50.23486877,-53.89325463,-1,0
1.400036851,0.212957707,0.242802833,-0.482721024,1.30001867,-1.362551696,-1.781180578,-0.257547807,-0.40840043,0.15505434,-1.79307551,2.299425777,2.395700354,-0.650994096,0.479241998,0.585226006,-2.357672856,3.544484822,3.846156361,7.642890989,-0.653491211,-6.425313374,35.91785387,-50.23486877,-53.89325463,-1,0
1.500039483,0.185220989,0.204249131,-0.46535984,1.114904038,-1.123252628,-1.531355124,-0.284433469,-0.363742511,0.181451068,-1.849255005,2.402702634,2.510852748,0.113295003,0.413892877,-0.057305331,1.234112531,-1.479002055,-1.543169102,7.642890989,-0.653491211,-6.425313374,35.91785387,-50.23486877,-53.89325463,-1,0
1.600042115,0.157862321,0.169878758,-0.44793636,0.938535191,-0.893731552,-1.291583442,-0.261897247,-0.324038984,0.166323976,-1.674894704,2.18295302,2.279484986,0.233410358,0.386243728,-0.157695323,1.757599376,-2.225284271,-2.343062346,-0.039180822,-0.203901492,0.039974585,-0.673034804,0.772788213,0.837861358,-1,0
1.700044748,0.132832489,0.139371342,-0.432085379,0.779717593,-0.686428706,-1.075205221,-0.238751506,-0.286433129,0.150753907,-1.502495403,1.964282778,2.049362001,0.229492276,0.365853579,-0.153697865,1.690295895,-2.14800545,-2.25927621,-0.039180822,-0.203901492,0.039974585,-0.673034804,0.772788213,0.837861358,-1,0
1.80004738,0.110097702,0.112522654,-0.417771459,0.637803844,-0.500607045,-0.881420952,-0.215997584,-0.250866343,0.135583594,-1.336826627,1.753340622,1.82761785,0.225574193,0.34546343,-0.149700406,1.622992415,-2.070726629,-2.175490075,-0.039180822,-0.203901492,0.039974585,-0.673034804,0.772788213,0.837861358,-1,0
1.900050012,0.089618775,0.089128782,-0.404954621,0.512120874,-0.335493741,-0.709392728,-0.19363548,-0.217338625,0.120813038,-1.177888376,1.550126551,1.614252533,0.221656111,0.32507328,-0.145702948,1.555688935,-1.993447808,-2.091703939,-0.039180822,-0.203901492,0.039974585,-0.673034804,0.772788213,0.837861358,-1,0
2.000052644,0.071356525,0.068985814,-0.39359489,0.401995611,-0.190315965,-0.558282645,-0.171665195,-0.185849975,0.106442237,-1.02568065,1.354640566,1.40926605,0.217738029,0.304683131,-0.141705489,1.488385454,-1.916168986,-2.007917803,-0.039180822,-0.203901492,0.039974585,-0.673034804,0.772788213,0.837861358,-1,0
2.100055276,0.055271771,0.051889838,-0.383652288,0.306754987,-0.064300887,-0.427252797,-0.150086728,-0.156400394,0.092471194,-0.880203449,1.166882667,1.212658402,0.213819947,0.284292982,-0.137708031,1.421081974,-1.838890165,-1.924131667,-0.039180822,-0.203901492,0.039974585,-0.673034804,0.772788213,0.837861358,-1,0
2.200057909,0.041325329,0.037636941,-0.375086839,0.225725931,0.043324321,-0.315465279,-0.12890008,-0.128989882,0.078899906,-0.741456774,0.986852853,1.024429588,0.209901864,0.263902833,-0.133710572,1.353778494,-1.761611344,-1.840345531,-0.039180822,-0.203901492,0.039974585,-0.673034804,0.772788213,0.837861358,-1,0
2.300060541,0.029478015,0.026023211,-0.367858566,0.158235372,0.133332488,-0.222082185,-0.10810525,-0.103618439,0.065728375,-0.609440624,0.814551124,0.844579607,0.205983782,0.243512683,-0.129713114,1.286475013,-1.684332522,-1.756559395,-0.039180822,-0.203901492,0.039974585,-0.673034804,0.772788213,0.837861358,-1,0
2.400063173,0.019690648,0.016844737,-0.361927492,0.103610241,0.206496443,-0.146265609,-0.087702239,-0.080286064,0.052956601,-0.484154999,0.649977481,0.673108461,0.2020657,0.223122534,-0.125715655,1.219171533,-1.607053701,-1.67277326,-0.039180822,-0.203901492,0.039974585,-0.673034804,0.772788213,0.837861358,-1,0
2.500065805,0.011924045,0.009897605,-0.357253641,0.061177467,0.263589016,-0.087177647,-0.067691046,-0.058992757,0.040584582,-0.365599899,0.493131924,0.510016149,0.198147618,0.202732385,-0.121718197,1.151868052,-1.52977488,-1.588987124,-0.039180822,-0.203901492,0.039974585,-0.673034804,0.772788213,0.837861358,-1,0
2.600068437,0.006139022,0.004977904,-0.353797036,0.03026398,0.305383034,-0.043980393,-0.048071672,-0.039738519,0.028612321,-0.253775324,0.344014452,0.355302671,0.194229536,0.182342236,-0.117720739,1.084564572,-1.452496059,-1.505200988,-0.039180822,-0.203901492,0.039974585,-0.673034804,0.772788213,0.837861358,-1,0
2.70007107,0.002296396,0.001881721,-0.351517701,0.010196709,0.332651327,-0.015835941,-0.028844117,-0.02252335,0.017039815,-0.148681275,0.202625065,0.208968028,0.190311453,0.161952086,-0.11372328,1.017261092,-1.375217237,-1.421414852,-0.039180822,-0.203901492,0.039974585,-0.673034804,0.772788213,0.837861358,-1,0
2.800073702,0.000356986,0.000405145,-0.350375658,0.000302585,0.346166723,-0.001906385,-0.01000838,-0.00734725,0.005867066,-0.050317751,0.068963764,0.071012218,0.186393371,0.141561937,-0.109725822,0.949957611,-1.297938416,-1.337628716,-0.039180822,-0.203901492,0.039974585,-0.673034804,0.772788213,0.837861358,-1,0
2.854075123,8.73e-05,0.00020944,-0.350217768,-0.001047198,0.348018653,-5.55e-17,0.0,2.78e-17,0.0,1.11e-16,-1.11e-16,-1.11e-16,0.184277607,0.130551256,-0.107567194,0.913613732,-1.256207853,-1.292384203,-0.039180822,-0.203901492,0.039974585,-0.673034804,0.772788213,0.837861358,-1,0
